{
  "config": {
    "batch_size": 32,
    "learning_rate": 0.001,
    "weight_decay": 1e-05,
    "max_epochs": 1000,
    "early_stopping_patience": 100,
    "hidden_dim": 128,
    "num_layers": 3,
    "dropout": 0.2,
    "node_dim": 5,
    "num_bead_types": 52,
    "embedding_dim": 32,
    "edge_dim": 3
  },
  "val_metrics": {
    "mae": 0.0647042766213417,
    "mse": 0.007877805270254612,
    "r2": 0.8742419481277466,
    "spearman": 0.9252502780867631
  },
  "test_metrics": {
    "mae": 0.06111198291182518,
    "mse": 0.006879439111799002,
    "r2": 0.9213945865631104,
    "spearman": 0.953225806451613
  }
}