{
  "config": {
    "batch_size": 32,
    "learning_rate": 0.001,
    "weight_decay": 1e-05,
    "max_epochs": 200,
    "early_stopping_patience": 30,
    "hidden_dim": 128,
    "num_layers": 3,
    "dropout": 0.2,
    "node_dim": 5,
    "num_bead_types": 50,
    "embedding_dim": 32,
    "edge_dim": 3
  },
  "val_metrics": {
    "mae": 0.054960113018751144,
    "mse": 0.007455977611243725,
    "r2": 0.9108954071998596,
    "spearman": 0.9299690361683903
  },
  "test_metrics": {
    "mae": 0.05495673418045044,
    "mse": 0.007280282210558653,
    "r2": 0.9275427460670471,
    "spearman": 0.9553359683794467
  }
}