{
  "config": {
    "batch_size": 32,
    "learning_rate": 0.001,
    "weight_decay": 1e-05,
    "max_epochs": 200,
    "early_stopping_patience": 30,
    "hidden_dim": 128,
    "num_layers": 3,
    "dropout": 0.2,
    "node_dim": 5,
    "num_bead_types": 50,
    "embedding_dim": 32,
    "edge_dim": 3
  },
  "val_metrics": {
    "mae": 0.2164309173822403,
    "mse": 0.06082136929035187,
    "r2": 0.2731384038925171,
    "spearman": 0.5532496626515264
  },
  "test_metrics": {
    "mae": 0.2727847099304199,
    "mse": 0.0890786275267601,
    "r2": 0.11344200372695923,
    "spearman": 0.27799736495388666
  }
}