{
  "config": {
    "batch_size": 32,
    "learning_rate": 0.001,
    "weight_decay": 1e-05,
    "max_epochs": 200,
    "early_stopping_patience": 30,
    "hidden_dim": 128,
    "num_layers": 3,
    "dropout": 0.2,
    "node_dim": 5,
    "num_bead_types": 50,
    "embedding_dim": 32,
    "edge_dim": 3
  },
  "val_metrics": {
    "mae": 0.06393233686685562,
    "mse": 0.006973517592996359,
    "r2": 0.9140191674232483,
    "spearman": 0.9624798281343399
  },
  "test_metrics": {
    "mae": 0.09463780373334885,
    "mse": 0.01909586973488331,
    "r2": 0.8081849217414856,
    "spearman": 0.8861293196282544
  }
}