{
  "config": {
    "batch_size": 32,
    "learning_rate": 0.001,
    "weight_decay": 1e-05,
    "max_epochs": 1000,
    "early_stopping_patience": 100,
    "hidden_dim": 128,
    "num_layers": 3,
    "dropout": 0.2,
    "node_dim": 5,
    "num_bead_types": 53,
    "embedding_dim": 32,
    "edge_dim": 3
  },
  "val_metrics": {
    "mae": 0.059460774064064026,
    "mse": 0.009269150905311108,
    "r2": 0.86313396692276,
    "spearman": 0.8918680951843545
  },
  "test_metrics": {
    "mae": 0.06032557412981987,
    "mse": 0.005559082143008709,
    "r2": 0.8943737149238586,
    "spearman": 0.8584108144407108
  }
}