{
  "config": {
    "batch_size": 32,
    "learning_rate": 0.001,
    "weight_decay": 1e-05,
    "max_epochs": 1000,
    "early_stopping_patience": 100,
    "hidden_dim": 128,
    "num_layers": 3,
    "dropout": 0.2,
    "node_dim": 5,
    "num_bead_types": 53,
    "embedding_dim": 32,
    "edge_dim": 3
  },
  "val_metrics": {
    "mae": 0.1810958832502365,
    "mse": 0.04244270548224449,
    "r2": 0.5360931158065796,
    "spearman": 0.7428571428571428
  },
  "test_metrics": {
    "mae": 0.15106211602687836,
    "mse": 0.03618979454040527,
    "r2": 0.48900306224823,
    "spearman": 0.7088235294117646
  }
}