{
  "config": {
    "batch_size": 32,
    "learning_rate": 0.001,
    "weight_decay": 1e-05,
    "max_epochs": 1000,
    "early_stopping_patience": 100,
    "hidden_dim": 128,
    "num_layers": 3,
    "dropout": 0.2,
    "node_dim": 5,
    "num_bead_types": 52,
    "embedding_dim": 32,
    "edge_dim": 3
  },
  "val_metrics": {
    "mae": 0.057387009263038635,
    "mse": 0.006181973032653332,
    "r2": 0.9195106625556946,
    "spearman": 0.9401146340976089
  },
  "test_metrics": {
    "mae": 0.063406802713871,
    "mse": 0.008011812344193459,
    "r2": 0.9080268740653992,
    "spearman": 0.9201307529526691
  }
}