{
  "config": {
    "batch_size": 32,
    "learning_rate": 0.001,
    "weight_decay": 1e-05,
    "max_epochs": 1000,
    "early_stopping_patience": 100,
    "hidden_dim": 128,
    "num_layers": 3,
    "dropout": 0.2,
    "node_dim": 5,
    "num_bead_types": 53,
    "embedding_dim": 32,
    "edge_dim": 3
  },
  "val_metrics": {
    "mae": 0.03837474063038826,
    "mse": 0.0028073335997760296,
    "r2": 0.9749526977539062,
    "spearman": 0.9676470588235294
  },
  "test_metrics": {
    "mae": 0.03161799907684326,
    "mse": 0.001914579188451171,
    "r2": 0.9771215319633484,
    "spearman": 0.9735294117647059
  }
}