{
  "config": {
    "batch_size": 32,
    "learning_rate": 0.001,
    "weight_decay": 1e-05,
    "max_epochs": 1000,
    "early_stopping_patience": 100,
    "hidden_dim": 128,
    "num_layers": 3,
    "dropout": 0.2,
    "node_dim": 5,
    "num_bead_types": 53,
    "embedding_dim": 32,
    "edge_dim": 3
  },
  "val_metrics": {
    "mae": 0.04098469763994217,
    "mse": 0.002673577284440398,
    "r2": 0.9761460423469543,
    "spearman": 0.9705882352941176
  },
  "test_metrics": {
    "mae": 0.03152414783835411,
    "mse": 0.0017898990772664547,
    "r2": 0.978611409664154,
    "spearman": 0.9735294117647059
  }
}