{
  "config": {
    "batch_size": 32,
    "learning_rate": 0.001,
    "weight_decay": 1e-05,
    "max_epochs": 1000,
    "early_stopping_patience": 100,
    "hidden_dim": 128,
    "num_layers": 3,
    "dropout": 0.2,
    "node_dim": 5,
    "num_bead_types": 52,
    "embedding_dim": 32,
    "edge_dim": 3
  },
  "val_metrics": {
    "mae": 0.0531802661716938,
    "mse": 0.00636477442458272,
    "r2": 0.8595221638679504,
    "spearman": 0.9749999999999999
  },
  "test_metrics": {
    "mae": 0.032263413071632385,
    "mse": 0.0018607870442792773,
    "r2": 0.9760335683822632,
    "spearman": 0.9823529411764707
  }
}