{
  "config": {
    "batch_size": 32,
    "learning_rate": 0.001,
    "weight_decay": 1e-05,
    "max_epochs": 1000,
    "early_stopping_patience": 100,
    "hidden_dim": 128,
    "num_layers": 3,
    "dropout": 0.2,
    "node_dim": 5,
    "num_bead_types": 52,
    "embedding_dim": 32,
    "edge_dim": 3
  },
  "val_metrics": {
    "mae": 0.12993648648262024,
    "mse": 0.034133180975914,
    "r2": 0.572069525718689,
    "spearman": 0.7704874835309616
  },
  "test_metrics": {
    "mae": 0.11045584827661514,
    "mse": 0.023192524909973145,
    "r2": 0.7189971208572388,
    "spearman": 0.8232137905175169
  }
}