{
  "config": {
    "batch_size": 32,
    "learning_rate": 0.001,
    "weight_decay": 1e-05,
    "max_epochs": 1000,
    "early_stopping_patience": 100,
    "hidden_dim": 128,
    "num_layers": 3,
    "dropout": 0.2,
    "node_dim": 5,
    "num_bead_types": 53,
    "embedding_dim": 32,
    "edge_dim": 3
  },
  "val_metrics": {
    "mae": 0.0658671110868454,
    "mse": 0.006889896467328072,
    "r2": 0.9171817898750305,
    "spearman": 0.982142857142857
  },
  "test_metrics": {
    "mae": 0.048462674021720886,
    "mse": 0.004749109037220478,
    "r2": 0.9313469529151917,
    "spearman": 0.9588235294117649
  }
}