{
  "config": {
    "batch_size": 32,
    "learning_rate": 0.001,
    "weight_decay": 1e-05,
    "max_epochs": 1000,
    "early_stopping_patience": 100,
    "hidden_dim": 128,
    "num_layers": 3,
    "dropout": 0.2,
    "node_dim": 5,
    "num_bead_types": 53,
    "embedding_dim": 32,
    "edge_dim": 3
  },
  "val_metrics": {
    "mae": 0.04227100685238838,
    "mse": 0.003449238371104002,
    "r2": 0.9692255258560181,
    "spearman": 0.9558823529411766
  },
  "test_metrics": {
    "mae": 0.03833292797207832,
    "mse": 0.0024179250467568636,
    "r2": 0.971106767654419,
    "spearman": 0.9735294117647059
  }
}