{
  "config": {
    "batch_size": 32,
    "learning_rate": 0.001,
    "weight_decay": 1e-05,
    "max_epochs": 1000,
    "early_stopping_patience": 100,
    "hidden_dim": 128,
    "num_layers": 3,
    "dropout": 0.2,
    "node_dim": 5,
    "num_bead_types": 52,
    "embedding_dim": 32,
    "edge_dim": 3
  },
  "val_metrics": {
    "mae": 0.06771127134561539,
    "mse": 0.01054858323186636,
    "r2": 0.8761894702911377,
    "spearman": 0.9373826547461476
  },
  "test_metrics": {
    "mae": 0.09790754318237305,
    "mse": 0.018918059766292572,
    "r2": 0.7646379470825195,
    "spearman": 0.788423584556556
  }
}