{
  "config": {
    "batch_size": 32,
    "learning_rate": 0.001,
    "weight_decay": 1e-05,
    "max_epochs": 1000,
    "early_stopping_patience": 100,
    "hidden_dim": 128,
    "num_layers": 3,
    "dropout": 0.2,
    "node_dim": 5,
    "num_bead_types": 52,
    "embedding_dim": 32,
    "edge_dim": 3
  },
  "val_metrics": {
    "mae": 0.05204114690423012,
    "mse": 0.003986931871622801,
    "r2": 0.9489396810531616,
    "spearman": 0.982142857142857
  },
  "test_metrics": {
    "mae": 0.05585111305117607,
    "mse": 0.00788726843893528,
    "r2": 0.8672757744789124,
    "spearman": 0.8205882352941177
  }
}