{
  "config": {
    "batch_size": 32,
    "learning_rate": 0.001,
    "weight_decay": 1e-05,
    "max_epochs": 1000,
    "early_stopping_patience": 100,
    "hidden_dim": 128,
    "num_layers": 3,
    "dropout": 0.2,
    "node_dim": 5,
    "num_bead_types": 51,
    "embedding_dim": 32,
    "edge_dim": 3
  },
  "val_metrics": {
    "mae": 0.058645326644182205,
    "mse": 0.00719002541154623,
    "r2": 0.9082311391830444,
    "spearman": 0.9314797814429293
  },
  "test_metrics": {
    "mae": 0.05734175071120262,
    "mse": 0.00765733327716589,
    "r2": 0.9130252003669739,
    "spearman": 0.948186699681025
  }
}