{
  "config": {
    "batch_size": 32,
    "learning_rate": 0.001,
    "weight_decay": 1e-05,
    "max_epochs": 1000,
    "early_stopping_patience": 100,
    "hidden_dim": 128,
    "num_layers": 3,
    "dropout": 0.2,
    "node_dim": 5,
    "num_bead_types": 53,
    "embedding_dim": 32,
    "edge_dim": 3
  },
  "val_metrics": {
    "mae": 0.06392781436443329,
    "mse": 0.007933123968541622,
    "r2": 0.9132484793663025,
    "spearman": 0.9535714285714283
  },
  "test_metrics": {
    "mae": 0.05844329297542572,
    "mse": 0.005535921081900597,
    "r2": 0.9305555820465088,
    "spearman": 0.9529411764705882
  }
}