{
  "config": {
    "batch_size": 32,
    "learning_rate": 0.001,
    "weight_decay": 1e-05,
    "max_epochs": 1000,
    "early_stopping_patience": 100,
    "hidden_dim": 128,
    "num_layers": 3,
    "dropout": 0.2,
    "node_dim": 5,
    "num_bead_types": 52,
    "embedding_dim": 32,
    "edge_dim": 3
  },
  "val_metrics": {
    "mae": 0.05058203637599945,
    "mse": 0.005749727599322796,
    "r2": 0.9416967034339905,
    "spearman": 0.9699584973944707
  },
  "test_metrics": {
    "mae": 0.0570359081029892,
    "mse": 0.008021321147680283,
    "r2": 0.9121814966201782,
    "spearman": 0.929965773246195
  }
}