{
  "config": {
    "batch_size": 32,
    "learning_rate": 0.001,
    "weight_decay": 1e-05,
    "max_epochs": 1000,
    "early_stopping_patience": 100,
    "hidden_dim": 128,
    "num_layers": 3,
    "dropout": 0.2,
    "node_dim": 5,
    "num_bead_types": 52,
    "embedding_dim": 32,
    "edge_dim": 3
  },
  "val_metrics": {
    "mae": 0.24707315862178802,
    "mse": 0.07838127017021179,
    "r2": 0.09146791696548462,
    "spearman": 0.4103560725570141
  },
  "test_metrics": {
    "mae": 0.211588054895401,
    "mse": 0.06156064197421074,
    "r2": 0.17359042167663574,
    "spearman": 0.4627197039777983
  }
}